pop_est,white,black,aian,asian,nhpi,other,multi,hispanic,white_male,black_male,locality,pct_black,pct_white,pct_hispanic,pct_white_male,pct_black_male
261949,198394,29481,314,10739,67,6154,16800,16324,96347,14011,Blue Ridge Health District,11.254480834055485,75.73764358711047,6.2317474012116865,36.780823748134175,5.348751092769967
